{
	"id": "1c24c71a-71b3-4641-97c1-aff959307114",
	"name": "SQLplusExecuter-Release",
	"friendlyName": "SQLplus Executer - Release Edition",
	"description": "Task that execute sql-files using SQLplus",
	"author": "ATP P&I IT",
	"helpMarkDown": "Execute SQL-files in for working sorted by name. ### Prerequisites * Allow scripts to access Oauth must be **Enabled**",
	"category": "Utility",
	"visibility": [
		"Release"
	],
	"demands": [],
	"version": {
		"Major": "1",
		"Minor": "0",
		"Patch": "0"
	},
	"minimumAgentVersion": "1.95.0",
	"instanceNameFormat": "SQLplusExecuter $(message)",
	"inputs": [
	{
		"name": "workingdir",
		"type": "string",
		"label": "File or folder",
		"defaultValue": "$(SYSTEM.DEFAULTWORKINGDIRECTORY)",
		"required": true,
		"helpMarkDown": "Execute file or if folder it will execute files sorted by name."
	},
	{
		"name": "includefiles",
		"type": "string",
		"label": "Type of files to executed",
		"defaultValue": "@('.sql')",
		"required": true,
		"helpMarkDown": "Type of files the task will execute"
	},
	{
		"name": "logfilesfolder",
		"type": "string",
		"label": "Log Folder",
		"defaultValue": "$(SYSTEM.DEFAULTWORKINGDIRECTORY)",
		"required": true,
		"helpMarkDown": "Folder where to put log-files."
	}
	],
	"execution": {
		"PowerShell3": {
			"target": "tagging.ps1"
		}
	}
}